case,group,keyword,month,days_mentioned,occurrences
new_energy,old,双碳,2021-01,0,0
new_energy,old,双碳,2021-02,0,0
new_energy,old,双碳,2021-03,0,0
new_energy,old,双碳,2021-04,0,0
new_energy,old,双碳,2021-05,0,0
new_energy,old,双碳,2021-06,0,0
new_energy,old,双碳,2021-07,0,0
new_energy,old,双碳,2021-08,1,1
new_energy,old,双碳,2021-09,0,0
new_energy,old,双碳,2021-10,1,1
new_energy,old,双碳,2021-11,0,0
new_energy,old,双碳,2021-12,0,0
new_energy,old,双碳,2022-01,2,19
new_energy,old,双碳,2022-02,0,0
new_energy,old,双碳,2022-03,4,7
new_energy,old,双碳,2022-04,0,0
new_energy,old,双碳,2022-05,1,1
new_energy,old,双碳,2022-06,1,1
new_energy,old,双碳,2022-07,1,2
new_energy,old,双碳,2022-08,0,0
new_energy,old,双碳,2022-09,1,1
new_energy,old,双碳,2022-10,0,0
new_energy,old,双碳,2022-11,1,1
new_energy,old,双碳,2022-12,0,0
new_energy,old,双碳,2023-01,0,0
new_energy,old,双碳,2023-02,2,2
new_energy,old,双碳,2023-03,0,0
new_energy,old,双碳,2023-04,1,1
new_energy,old,双碳,2023-05,2,3
new_energy,old,双碳,2023-06,0,0
new_energy,old,双碳,2023-07,3,9
new_energy,old,双碳,2023-08,2,2
new_energy,old,双碳,2023-09,0,0
new_energy,old,双碳,2023-10,0,0
new_energy,old,双碳,2023-11,2,3
new_energy,old,双碳,2023-12,1,1
new_energy,old,双碳,2024-01,0,0
new_energy,old,双碳,2024-02,1,1
new_energy,old,双碳,2024-03,1,1
new_energy,old,双碳,2024-04,0,0
new_energy,old,双碳,2024-05,0,0
new_energy,old,双碳,2024-06,0,0
new_energy,old,双碳,2024-07,1,1
new_energy,old,双碳,2024-08,0,0
new_energy,old,双碳,2024-09,0,0
new_energy,old,双碳,2024-10,0,0
new_energy,old,双碳,2024-11,1,1
new_energy,old,双碳,2024-12,0,0
new_energy,old,双碳,2025-01,0,0
new_energy,old,双碳,2025-02,1,1
new_energy,old,双碳,2025-03,1,1
new_energy,old,双碳,2025-04,0,0
new_energy,old,双碳,2025-05,0,0
new_energy,old,双碳,2025-06,1,1
new_energy,old,双碳,2025-07,0,0
new_energy,old,双碳,2025-08,1,2
new_energy,old,双碳,2025-09,0,0
new_energy,old,双碳,2025-10,0,0
new_energy,old,双碳,2025-11,1,1
new_energy,old,双碳,2025-12,3,5
new_energy,old,大力发展,2021-01,3,3
new_energy,old,大力发展,2021-02,1,1
new_energy,old,大力发展,2021-03,1,1
new_energy,old,大力发展,2021-04,4,5
new_energy,old,大力发展,2021-05,0,0
new_energy,old,大力发展,2021-06,0,0
new_energy,old,大力发展,2021-07,1,1
new_energy,old,大力发展,2021-08,2,2
new_energy,old,大力发展,2021-09,3,3
new_energy,old,大力发展,2021-10,2,2
new_energy,old,大力发展,2021-11,1,2
new_energy,old,大力发展,2021-12,2,2
new_energy,old,大力发展,2022-01,4,5
new_energy,old,大力发展,2022-02,3,3
new_energy,old,大力发展,2022-03,5,5
new_energy,old,大力发展,2022-04,1,1
new_energy,old,大力发展,2022-05,4,5
new_energy,old,大力发展,2022-06,5,5
new_energy,old,大力发展,2022-07,9,10
new_energy,old,大力发展,2022-08,7,12
new_energy,old,大力发展,2022-09,9,10
new_energy,old,大力发展,2022-10,1,1
new_energy,old,大力发展,2022-11,1,2
new_energy,old,大力发展,2022-12,2,2
new_energy,old,大力发展,2023-01,4,4
new_energy,old,大力发展,2023-02,4,4
new_energy,old,大力发展,2023-03,2,2
new_energy,old,大力发展,2023-04,5,6
new_energy,old,大力发展,2023-05,6,7
new_energy,old,大力发展,2023-06,4,7
new_energy,old,大力发展,2023-07,2,2
new_energy,old,大力发展,2023-08,2,4
new_energy,old,大力发展,2023-09,3,6
new_energy,old,大力发展,2023-10,6,6
new_energy,old,大力发展,2023-11,2,2
new_energy,old,大力发展,2023-12,3,4
new_energy,old,大力发展,2024-01,2,2
new_energy,old,大力发展,2024-02,2,2
new_energy,old,大力发展,2024-03,9,10
new_energy,old,大力发展,2024-04,7,9
new_energy,old,大力发展,2024-05,11,13
new_energy,old,大力发展,2024-06,0,0
new_energy,old,大力发展,2024-07,3,3
new_energy,old,大力发展,2024-08,4,4
new_energy,old,大力发展,2024-09,6,6
new_energy,old,大力发展,2024-10,6,8
new_energy,old,大力发展,2024-11,3,3
new_energy,old,大力发展,2024-12,3,4
new_energy,old,大力发展,2025-01,3,3
new_energy,old,大力发展,2025-02,9,13
new_energy,old,大力发展,2025-03,2,2
new_energy,old,大力发展,2025-04,2,2
new_energy,old,大力发展,2025-05,1,1
new_energy,old,大力发展,2025-06,6,8
new_energy,old,大力发展,2025-07,7,9
new_energy,old,大力发展,2025-08,5,5
new_energy,old,大力发展,2025-09,3,4
new_energy,old,大力发展,2025-10,6,13
new_energy,old,大力发展,2025-11,0,0
new_energy,old,大力发展,2025-12,1,1
new_energy,old,新能源产业,2021-01,0,0
new_energy,old,新能源产业,2021-02,0,0
new_energy,old,新能源产业,2021-03,0,0
new_energy,old,新能源产业,2021-04,0,0
new_energy,old,新能源产业,2021-05,0,0
new_energy,old,新能源产业,2021-06,0,0
new_energy,old,新能源产业,2021-07,0,0
new_energy,old,新能源产业,2021-08,0,0
new_energy,old,新能源产业,2021-09,0,0
new_energy,old,新能源产业,2021-10,3,4
new_energy,old,新能源产业,2021-11,0,0
new_energy,old,新能源产业,2021-12,0,0
new_energy,old,新能源产业,2022-01,1,1
new_energy,old,新能源产业,2022-02,0,0
new_energy,old,新能源产业,2022-03,0,0
new_energy,old,新能源产业,2022-04,0,0
new_energy,old,新能源产业,2022-05,1,1
new_energy,old,新能源产业,2022-06,1,1
new_energy,old,新能源产业,2022-07,1,1
new_energy,old,新能源产业,2022-08,1,1
new_energy,old,新能源产业,2022-09,1,1
new_energy,old,新能源产业,2022-10,0,0
new_energy,old,新能源产业,2022-11,0,0
new_energy,old,新能源产业,2022-12,2,2
new_energy,old,新能源产业,2023-01,2,3
new_energy,old,新能源产业,2023-02,1,1
new_energy,old,新能源产业,2023-03,3,3
new_energy,old,新能源产业,2023-04,1,1
new_energy,old,新能源产业,2023-05,1,1
new_energy,old,新能源产业,2023-06,1,2
new_energy,old,新能源产业,2023-07,2,4
new_energy,old,新能源产业,2023-08,1,1
new_energy,old,新能源产业,2023-09,2,2
new_energy,old,新能源产业,2023-10,2,2
new_energy,old,新能源产业,2023-11,1,1
new_energy,old,新能源产业,2023-12,1,1
new_energy,old,新能源产业,2024-01,0,0
new_energy,old,新能源产业,2024-02,1,1
new_energy,old,新能源产业,2024-03,2,6
new_energy,old,新能源产业,2024-04,3,3
new_energy,old,新能源产业,2024-05,1,1
new_energy,old,新能源产业,2024-06,2,2
new_energy,old,新能源产业,2024-07,0,0
new_energy,old,新能源产业,2024-08,1,1
new_energy,old,新能源产业,2024-09,0,0
new_energy,old,新能源产业,2024-10,0,0
new_energy,old,新能源产业,2024-11,1,1
new_energy,old,新能源产业,2024-12,1,1
new_energy,old,新能源产业,2025-01,0,0
new_energy,old,新能源产业,2025-02,3,5
new_energy,old,新能源产业,2025-03,1,1
new_energy,old,新能源产业,2025-04,2,2
new_energy,old,新能源产业,2025-05,0,0
new_energy,old,新能源产业,2025-06,1,1
new_energy,old,新能源产业,2025-07,0,0
new_energy,old,新能源产业,2025-08,1,1
new_energy,old,新能源产业,2025-09,2,2
new_energy,old,新能源产业,2025-10,3,4
new_energy,old,新能源产业,2025-11,1,1
new_energy,old,新能源产业,2025-12,0,0
new_energy,old,补贴,2021-01,5,9
new_energy,old,补贴,2021-02,3,7
new_energy,old,补贴,2021-03,1,1
new_energy,old,补贴,2021-04,3,6
new_energy,old,补贴,2021-05,4,5
new_energy,old,补贴,2021-06,2,2
new_energy,old,补贴,2021-07,0,0
new_energy,old,补贴,2021-08,2,2
new_energy,old,补贴,2021-09,4,8
new_energy,old,补贴,2021-10,4,7
new_energy,old,补贴,2021-11,1,2
new_energy,old,补贴,2021-12,1,1
new_energy,old,补贴,2022-01,3,3
new_energy,old,补贴,2022-02,4,7
new_energy,old,补贴,2022-03,11,18
new_energy,old,补贴,2022-04,9,12
new_energy,old,补贴,2022-05,13,25
new_energy,old,补贴,2022-06,10,18
new_energy,old,补贴,2022-07,8,12
new_energy,old,补贴,2022-08,9,17
new_energy,old,补贴,2022-09,2,6
new_energy,old,补贴,2022-10,4,7
new_energy,old,补贴,2022-11,9,16
new_energy,old,补贴,2022-12,15,26
new_energy,old,补贴,2023-01,4,4
new_energy,old,补贴,2023-02,5,9
new_energy,old,补贴,2023-03,3,6
new_energy,old,补贴,2023-04,5,10
new_energy,old,补贴,2023-05,6,15
new_energy,old,补贴,2023-06,5,7
new_energy,old,补贴,2023-07,8,20
new_energy,old,补贴,2023-08,6,7
new_energy,old,补贴,2023-09,3,6
new_energy,old,补贴,2023-10,2,3
new_energy,old,补贴,2023-11,1,1
new_energy,old,补贴,2023-12,5,10
new_energy,old,补贴,2024-01,4,6
new_energy,old,补贴,2024-02,5,8
new_energy,old,补贴,2024-03,3,3
new_energy,old,补贴,2024-04,6,14
new_energy,old,补贴,2024-05,5,17
new_energy,old,补贴,2024-06,3,4
new_energy,old,补贴,2024-07,4,10
new_energy,old,补贴,2024-08,6,16
new_energy,old,补贴,2024-09,5,7
new_energy,old,补贴,2024-10,9,14
new_energy,old,补贴,2024-11,7,15
new_energy,old,补贴,2024-12,9,21
new_energy,old,补贴,2025-01,10,28
new_energy,old,补贴,2025-02,11,37
new_energy,old,补贴,2025-03,9,31
new_energy,old,补贴,2025-04,11,23
new_energy,old,补贴,2025-05,10,38
new_energy,old,补贴,2025-06,11,33
new_energy,old,补贴,2025-07,10,32
new_energy,old,补贴,2025-08,8,11
new_energy,old,补贴,2025-09,4,7
new_energy,old,补贴,2025-10,11,32
new_energy,old,补贴,2025-11,5,7
new_energy,old,补贴,2025-12,14,27
new_energy,new,产能过剩,2021-01,0,0
new_energy,new,产能过剩,2021-02,0,0
new_energy,new,产能过剩,2021-03,0,0
new_energy,new,产能过剩,2021-04,0,0
new_energy,new,产能过剩,2021-05,0,0
new_energy,new,产能过剩,2021-06,0,0
new_energy,new,产能过剩,2021-07,0,0
new_energy,new,产能过剩,2021-08,0,0
new_energy,new,产能过剩,2021-09,0,0
new_energy,new,产能过剩,2021-10,0,0
new_energy,new,产能过剩,2021-11,0,0
new_energy,new,产能过剩,2021-12,0,0
new_energy,new,产能过剩,2022-01,0,0
new_energy,new,产能过剩,2022-02,0,0
new_energy,new,产能过剩,2022-03,0,0
new_energy,new,产能过剩,2022-04,0,0
new_energy,new,产能过剩,2022-05,0,0
new_energy,new,产能过剩,2022-06,0,0
new_energy,new,产能过剩,2022-07,0,0
new_energy,new,产能过剩,2022-08,0,0
new_energy,new,产能过剩,2022-09,0,0
new_energy,new,产能过剩,2022-10,0,0
new_energy,new,产能过剩,2022-11,0,0
new_energy,new,产能过剩,2022-12,0,0
new_energy,new,产能过剩,2023-01,0,0
new_energy,new,产能过剩,2023-02,0,0
new_energy,new,产能过剩,2023-03,0,0
new_energy,new,产能过剩,2023-04,0,0
new_energy,new,产能过剩,2023-05,0,0
new_energy,new,产能过剩,2023-06,0,0
new_energy,new,产能过剩,2023-07,0,0
new_energy,new,产能过剩,2023-08,0,0
new_energy,new,产能过剩,2023-09,0,0
new_energy,new,产能过剩,2023-10,0,0
new_energy,new,产能过剩,2023-11,0,0
new_energy,new,产能过剩,2023-12,1,1
new_energy,new,产能过剩,2024-01,0,0
new_energy,new,产能过剩,2024-02,0,0
new_energy,new,产能过剩,2024-03,0,0
new_energy,new,产能过剩,2024-04,0,0
new_energy,new,产能过剩,2024-05,3,4
new_energy,new,产能过剩,2024-06,0,0
new_energy,new,产能过剩,2024-07,0,0
new_energy,new,产能过剩,2024-08,0,0
new_energy,new,产能过剩,2024-09,1,1
new_energy,new,产能过剩,2024-10,0,0
new_energy,new,产能过剩,2024-11,0,0
new_energy,new,产能过剩,2024-12,0,0
new_energy,new,产能过剩,2025-01,0,0
new_energy,new,产能过剩,2025-02,0,0
new_energy,new,产能过剩,2025-03,0,0
new_energy,new,产能过剩,2025-04,0,0
new_energy,new,产能过剩,2025-05,0,0
new_energy,new,产能过剩,2025-06,0,0
new_energy,new,产能过剩,2025-07,0,0
new_energy,new,产能过剩,2025-08,0,0
new_energy,new,产能过剩,2025-09,0,0
new_energy,new,产能过剩,2025-10,0,0
new_energy,new,产能过剩,2025-11,0,0
new_energy,new,产能过剩,2025-12,0,0
new_energy,new,反内卷,2021-01,0,0
new_energy,new,反内卷,2021-02,0,0
new_energy,new,反内卷,2021-03,0,0
new_energy,new,反内卷,2021-04,0,0
new_energy,new,反内卷,2021-05,0,0
new_energy,new,反内卷,2021-06,0,0
new_energy,new,反内卷,2021-07,0,0
new_energy,new,反内卷,2021-08,0,0
new_energy,new,反内卷,2021-09,0,0
new_energy,new,反内卷,2021-10,0,0
new_energy,new,反内卷,2021-11,0,0
new_energy,new,反内卷,2021-12,0,0
new_energy,new,反内卷,2022-01,0,0
new_energy,new,反内卷,2022-02,0,0
new_energy,new,反内卷,2022-03,0,0
new_energy,new,反内卷,2022-04,0,0
new_energy,new,反内卷,2022-05,0,0
new_energy,new,反内卷,2022-06,0,0
new_energy,new,反内卷,2022-07,0,0
new_energy,new,反内卷,2022-08,0,0
new_energy,new,反内卷,2022-09,0,0
new_energy,new,反内卷,2022-10,0,0
new_energy,new,反内卷,2022-11,0,0
new_energy,new,反内卷,2022-12,0,0
new_energy,new,反内卷,2023-01,0,0
new_energy,new,反内卷,2023-02,0,0
new_energy,new,反内卷,2023-03,0,0
new_energy,new,反内卷,2023-04,0,0
new_energy,new,反内卷,2023-05,0,0
new_energy,new,反内卷,2023-06,0,0
new_energy,new,反内卷,2023-07,0,0
new_energy,new,反内卷,2023-08,0,0
new_energy,new,反内卷,2023-09,0,0
new_energy,new,反内卷,2023-10,0,0
new_energy,new,反内卷,2023-11,0,0
new_energy,new,反内卷,2023-12,0,0
new_energy,new,反内卷,2024-01,0,0
new_energy,new,反内卷,2024-02,0,0
new_energy,new,反内卷,2024-03,0,0
new_energy,new,反内卷,2024-04,0,0
new_energy,new,反内卷,2024-05,0,0
new_energy,new,反内卷,2024-06,0,0
new_energy,new,反内卷,2024-07,0,0
new_energy,new,反内卷,2024-08,0,0
new_energy,new,反内卷,2024-09,0,0
new_energy,new,反内卷,2024-10,0,0
new_energy,new,反内卷,2024-11,0,0
new_energy,new,反内卷,2024-12,0,0
new_energy,new,反内卷,2025-01,0,0
new_energy,new,反内卷,2025-02,0,0
new_energy,new,反内卷,2025-03,0,0
new_energy,new,反内卷,2025-04,0,0
new_energy,new,反内卷,2025-05,0,0
new_energy,new,反内卷,2025-06,0,0
new_energy,new,反内卷,2025-07,0,0
new_energy,new,反内卷,2025-08,0,0
new_energy,new,反内卷,2025-09,0,0
new_energy,new,反内卷,2025-10,0,0
new_energy,new,反内卷,2025-11,0,0
new_energy,new,反内卷,2025-12,0,0
new_energy,new,合理布局,2021-01,0,0
new_energy,new,合理布局,2021-02,0,0
new_energy,new,合理布局,2021-03,0,0
new_energy,new,合理布局,2021-04,0,0
new_energy,new,合理布局,2021-05,0,0
new_energy,new,合理布局,2021-06,0,0
new_energy,new,合理布局,2021-07,0,0
new_energy,new,合理布局,2021-08,0,0
new_energy,new,合理布局,2021-09,0,0
new_energy,new,合理布局,2021-10,0,0
new_energy,new,合理布局,2021-11,0,0
new_energy,new,合理布局,2021-12,0,0
new_energy,new,合理布局,2022-01,0,0
new_energy,new,合理布局,2022-02,0,0
new_energy,new,合理布局,2022-03,0,0
new_energy,new,合理布局,2022-04,0,0
new_energy,new,合理布局,2022-05,0,0
new_energy,new,合理布局,2022-06,0,0
new_energy,new,合理布局,2022-07,0,0
new_energy,new,合理布局,2022-08,0,0
new_energy,new,合理布局,2022-09,1,1
new_energy,new,合理布局,2022-10,0,0
new_energy,new,合理布局,2022-11,0,0
new_energy,new,合理布局,2022-12,0,0
new_energy,new,合理布局,2023-01,0,0
new_energy,new,合理布局,2023-02,0,0
new_energy,new,合理布局,2023-03,0,0
new_energy,new,合理布局,2023-04,0,0
new_energy,new,合理布局,2023-05,0,0
new_energy,new,合理布局,2023-06,0,0
new_energy,new,合理布局,2023-07,0,0
new_energy,new,合理布局,2023-08,0,0
new_energy,new,合理布局,2023-09,2,2
new_energy,new,合理布局,2023-10,1,1
new_energy,new,合理布局,2023-11,1,2
new_energy,new,合理布局,2023-12,0,0
new_energy,new,合理布局,2024-01,0,0
new_energy,new,合理布局,2024-02,0,0
new_energy,new,合理布局,2024-03,0,0
new_energy,new,合理布局,2024-04,1,1
new_energy,new,合理布局,2024-05,0,0
new_energy,new,合理布局,2024-06,0,0
new_energy,new,合理布局,2024-07,1,1
new_energy,new,合理布局,2024-08,0,0
new_energy,new,合理布局,2024-09,0,0
new_energy,new,合理布局,2024-10,0,0
new_energy,new,合理布局,2024-11,0,0
new_energy,new,合理布局,2024-12,0,0
new_energy,new,合理布局,2025-01,0,0
new_energy,new,合理布局,2025-02,0,0
new_energy,new,合理布局,2025-03,0,0
new_energy,new,合理布局,2025-04,0,0
new_energy,new,合理布局,2025-05,0,0
new_energy,new,合理布局,2025-06,0,0
new_energy,new,合理布局,2025-07,0,0
new_energy,new,合理布局,2025-08,0,0
new_energy,new,合理布局,2025-09,0,0
new_energy,new,合理布局,2025-10,0,0
new_energy,new,合理布局,2025-11,0,0
new_energy,new,合理布局,2025-12,1,1
new_energy,new,恶性竞争,2021-01,0,0
new_energy,new,恶性竞争,2021-02,0,0
new_energy,new,恶性竞争,2021-03,0,0
new_energy,new,恶性竞争,2021-04,0,0
new_energy,new,恶性竞争,2021-05,0,0
new_energy,new,恶性竞争,2021-06,0,0
new_energy,new,恶性竞争,2021-07,1,1
new_energy,new,恶性竞争,2021-08,0,0
new_energy,new,恶性竞争,2021-09,0,0
new_energy,new,恶性竞争,2021-10,0,0
new_energy,new,恶性竞争,2021-11,0,0
new_energy,new,恶性竞争,2021-12,0,0
new_energy,new,恶性竞争,2022-01,0,0
new_energy,new,恶性竞争,2022-02,0,0
new_energy,new,恶性竞争,2022-03,0,0
new_energy,new,恶性竞争,2022-04,0,0
new_energy,new,恶性竞争,2022-05,0,0
new_energy,new,恶性竞争,2022-06,1,1
new_energy,new,恶性竞争,2022-07,0,0
new_energy,new,恶性竞争,2022-08,0,0
new_energy,new,恶性竞争,2022-09,0,0
new_energy,new,恶性竞争,2022-10,0,0
new_energy,new,恶性竞争,2022-11,0,0
new_energy,new,恶性竞争,2022-12,0,0
new_energy,new,恶性竞争,2023-01,0,0
new_energy,new,恶性竞争,2023-02,0,0
new_energy,new,恶性竞争,2023-03,0,0
new_energy,new,恶性竞争,2023-04,0,0
new_energy,new,恶性竞争,2023-05,0,0
new_energy,new,恶性竞争,2023-06,0,0
new_energy,new,恶性竞争,2023-07,0,0
new_energy,new,恶性竞争,2023-08,0,0
new_energy,new,恶性竞争,2023-09,0,0
new_energy,new,恶性竞争,2023-10,0,0
new_energy,new,恶性竞争,2023-11,0,0
new_energy,new,恶性竞争,2023-12,0,0
new_energy,new,恶性竞争,2024-01,0,0
new_energy,new,恶性竞争,2024-02,0,0
new_energy,new,恶性竞争,2024-03,0,0
new_energy,new,恶性竞争,2024-04,1,1
new_energy,new,恶性竞争,2024-05,0,0
new_energy,new,恶性竞争,2024-06,0,0
new_energy,new,恶性竞争,2024-07,1,1
new_energy,new,恶性竞争,2024-08,0,0
new_energy,new,恶性竞争,2024-09,0,0
new_energy,new,恶性竞争,2024-10,0,0
new_energy,new,恶性竞争,2024-11,1,1
new_energy,new,恶性竞争,2024-12,0,0
new_energy,new,恶性竞争,2025-01,0,0
new_energy,new,恶性竞争,2025-02,0,0
new_energy,new,恶性竞争,2025-03,0,0
new_energy,new,恶性竞争,2025-04,0,0
new_energy,new,恶性竞争,2025-05,0,0
new_energy,new,恶性竞争,2025-06,0,0
new_energy,new,恶性竞争,2025-07,0,0
new_energy,new,恶性竞争,2025-08,0,0
new_energy,new,恶性竞争,2025-09,0,0
new_energy,new,恶性竞争,2025-10,0,0
new_energy,new,恶性竞争,2025-11,0,0
new_energy,new,恶性竞争,2025-12,0,0
platform_economy,old,二选一,2021-01,0,0
platform_economy,old,二选一,2021-02,0,0
platform_economy,old,二选一,2021-03,0,0
platform_economy,old,二选一,2021-04,0,0
platform_economy,old,二选一,2021-05,0,0
platform_economy,old,二选一,2021-06,0,0
platform_economy,old,二选一,2021-07,0,0
platform_economy,old,二选一,2021-08,0,0
platform_economy,old,二选一,2021-09,0,0
platform_economy,old,二选一,2021-10,0,0
platform_economy,old,二选一,2021-11,0,0
platform_economy,old,二选一,2021-12,0,0
platform_economy,old,二选一,2022-01,0,0
platform_economy,old,二选一,2022-02,0,0
platform_economy,old,二选一,2022-03,0,0
platform_economy,old,二选一,2022-04,0,0
platform_economy,old,二选一,2022-05,0,0
platform_economy,old,二选一,2022-06,0,0
platform_economy,old,二选一,2022-07,0,0
platform_economy,old,二选一,2022-08,0,0
platform_economy,old,二选一,2022-09,0,0
platform_economy,old,二选一,2022-10,0,0
platform_economy,old,二选一,2022-11,0,0
platform_economy,old,二选一,2022-12,0,0
platform_economy,old,二选一,2023-01,0,0
platform_economy,old,二选一,2023-02,0,0
platform_economy,old,二选一,2023-03,0,0
platform_economy,old,二选一,2023-04,0,0
platform_economy,old,二选一,2023-05,0,0
platform_economy,old,二选一,2023-06,0,0
platform_economy,old,二选一,2023-07,0,0
platform_economy,old,二选一,2023-08,0,0
platform_economy,old,二选一,2023-09,0,0
platform_economy,old,二选一,2023-10,0,0
platform_economy,old,二选一,2023-11,0,0
platform_economy,old,二选一,2023-12,0,0
platform_economy,old,二选一,2024-01,0,0
platform_economy,old,二选一,2024-02,0,0
platform_economy,old,二选一,2024-03,0,0
platform_economy,old,二选一,2024-04,0,0
platform_economy,old,二选一,2024-05,0,0
platform_economy,old,二选一,2024-06,0,0
platform_economy,old,二选一,2024-07,0,0
platform_economy,old,二选一,2024-08,0,0
platform_economy,old,二选一,2024-09,0,0
platform_economy,old,二选一,2024-10,0,0
platform_economy,old,二选一,2024-11,0,0
platform_economy,old,二选一,2024-12,0,0
platform_economy,old,二选一,2025-01,0,0
platform_economy,old,二选一,2025-02,0,0
platform_economy,old,二选一,2025-03,0,0
platform_economy,old,二选一,2025-04,0,0
platform_economy,old,二选一,2025-05,0,0
platform_economy,old,二选一,2025-06,0,0
platform_economy,old,二选一,2025-07,0,0
platform_economy,old,二选一,2025-08,0,0
platform_economy,old,二选一,2025-09,0,0
platform_economy,old,二选一,2025-10,0,0
platform_economy,old,二选一,2025-11,1,1
platform_economy,old,二选一,2025-12,0,0
platform_economy,old,反垄断,2021-01,1,4
platform_economy,old,反垄断,2021-02,0,0
platform_economy,old,反垄断,2021-03,1,1
platform_economy,old,反垄断,2021-04,0,0
platform_economy,old,反垄断,2021-05,1,1
platform_economy,old,反垄断,2021-06,0,0
platform_economy,old,反垄断,2021-07,0,0
platform_economy,old,反垄断,2021-08,2,8
platform_economy,old,反垄断,2021-09,1,1
platform_economy,old,反垄断,2021-10,3,7
platform_economy,old,反垄断,2021-11,0,0
platform_economy,old,反垄断,2021-12,0,0
platform_economy,old,反垄断,2022-01,0,0
platform_economy,old,反垄断,2022-02,0,0
platform_economy,old,反垄断,2022-03,0,0
platform_economy,old,反垄断,2022-04,1,2
platform_economy,old,反垄断,2022-05,2,2
platform_economy,old,反垄断,2022-06,4,5
platform_economy,old,反垄断,2022-07,1,1
platform_economy,old,反垄断,2022-08,0,0
platform_economy,old,反垄断,2022-09,0,0
platform_economy,old,反垄断,2022-10,0,0
platform_economy,old,反垄断,2022-11,0,0
platform_economy,old,反垄断,2022-12,0,0
platform_economy,old,反垄断,2023-01,0,0
platform_economy,old,反垄断,2023-02,1,1
platform_economy,old,反垄断,2023-03,0,0
platform_economy,old,反垄断,2023-04,0,0
platform_economy,old,反垄断,2023-05,0,0
platform_economy,old,反垄断,2023-06,0,0
platform_economy,old,反垄断,2023-07,0,0
platform_economy,old,反垄断,2023-08,0,0
platform_economy,old,反垄断,2023-09,0,0
platform_economy,old,反垄断,2023-10,0,0
platform_economy,old,反垄断,2023-11,0,0
platform_economy,old,反垄断,2023-12,0,0
platform_economy,old,反垄断,2024-01,1,2
platform_economy,old,反垄断,2024-02,0,0
platform_economy,old,反垄断,2024-03,0,0
platform_economy,old,反垄断,2024-04,0,0
platform_economy,old,反垄断,2024-05,0,0
platform_economy,old,反垄断,2024-06,0,0
platform_economy,old,反垄断,2024-07,1,1
platform_economy,old,反垄断,2024-08,0,0
platform_economy,old,反垄断,2024-09,0,0
platform_economy,old,反垄断,2024-10,0,0
platform_economy,old,反垄断,2024-11,4,6
platform_economy,old,反垄断,2024-12,0,0
platform_economy,old,反垄断,2025-01,0,0
platform_economy,old,反垄断,2025-02,0,0
platform_economy,old,反垄断,2025-03,1,2
platform_economy,old,反垄断,2025-04,0,0
platform_economy,old,反垄断,2025-05,0,0
platform_economy,old,反垄断,2025-06,0,0
platform_economy,old,反垄断,2025-07,0,0
platform_economy,old,反垄断,2025-08,0,0
platform_economy,old,反垄断,2025-09,2,2
platform_economy,old,反垄断,2025-10,1,1
platform_economy,old,反垄断,2025-11,1,4
platform_economy,old,反垄断,2025-12,0,0
platform_economy,old,整改,2021-01,2,4
platform_economy,old,整改,2021-02,2,3
platform_economy,old,整改,2021-03,0,0
platform_economy,old,整改,2021-04,1,1
platform_economy,old,整改,2021-05,2,4
platform_economy,old,整改,2021-06,3,4
platform_economy,old,整改,2021-07,3,3
platform_economy,old,整改,2021-08,2,7
platform_economy,old,整改,2021-09,3,9
platform_economy,old,整改,2021-10,1,1
platform_economy,old,整改,2021-11,2,2
platform_economy,old,整改,2021-12,2,4
platform_economy,old,整改,2022-01,1,2
platform_economy,old,整改,2022-02,4,16
platform_economy,old,整改,2022-03,2,4
platform_economy,old,整改,2022-04,4,5
platform_economy,old,整改,2022-05,0,0
platform_economy,old,整改,2022-06,5,16
platform_economy,old,整改,2022-07,3,22
platform_economy,old,整改,2022-08,1,1
platform_economy,old,整改,2022-09,1,2
platform_economy,old,整改,2022-10,0,0
platform_economy,old,整改,2022-11,1,1
platform_economy,old,整改,2022-12,3,6
platform_economy,old,整改,2023-01,5,5
platform_economy,old,整改,2023-02,2,4
platform_economy,old,整改,2023-03,4,7
platform_economy,old,整改,2023-04,11,22
platform_economy,old,整改,2023-05,11,29
platform_economy,old,整改,2023-06,6,8
platform_economy,old,整改,2023-07,12,27
platform_economy,old,整改,2023-08,5,7
platform_economy,old,整改,2023-09,6,19
platform_economy,old,整改,2023-10,6,17
platform_economy,old,整改,2023-11,10,16
platform_economy,old,整改,2023-12,5,11
platform_economy,old,整改,2024-01,7,13
platform_economy,old,整改,2024-02,5,13
platform_economy,old,整改,2024-03,2,13
platform_economy,old,整改,2024-04,8,16
platform_economy,old,整改,2024-05,2,3
platform_economy,old,整改,2024-06,1,1
platform_economy,old,整改,2024-07,2,7
platform_economy,old,整改,2024-08,0,0
platform_economy,old,整改,2024-09,1,2
platform_economy,old,整改,2024-10,3,17
platform_economy,old,整改,2024-11,2,3
platform_economy,old,整改,2024-12,5,14
platform_economy,old,整改,2025-01,4,7
platform_economy,old,整改,2025-02,2,4
platform_economy,old,整改,2025-03,1,2
platform_economy,old,整改,2025-04,9,23
platform_economy,old,整改,2025-05,6,12
platform_economy,old,整改,2025-06,7,11
platform_economy,old,整改,2025-07,9,20
platform_economy,old,整改,2025-08,6,6
platform_economy,old,整改,2025-09,0,0
platform_economy,old,整改,2025-10,1,1
platform_economy,old,整改,2025-11,2,5
platform_economy,old,整改,2025-12,5,18
platform_economy,old,防止资本无序扩张,2021-01,1,1
platform_economy,old,防止资本无序扩张,2021-02,0,0
platform_economy,old,防止资本无序扩张,2021-03,0,0
platform_economy,old,防止资本无序扩张,2021-04,0,0
platform_economy,old,防止资本无序扩张,2021-05,0,0
platform_economy,old,防止资本无序扩张,2021-06,0,0
platform_economy,old,防止资本无序扩张,2021-07,0,0
platform_economy,old,防止资本无序扩张,2021-08,1,1
platform_economy,old,防止资本无序扩张,2021-09,0,0
platform_economy,old,防止资本无序扩张,2021-10,1,1
platform_economy,old,防止资本无序扩张,2021-11,0,0
platform_economy,old,防止资本无序扩张,2021-12,0,0
platform_economy,old,防止资本无序扩张,2022-01,0,0
platform_economy,old,防止资本无序扩张,2022-02,0,0
platform_economy,old,防止资本无序扩张,2022-03,0,0
platform_economy,old,防止资本无序扩张,2022-04,1,1
platform_economy,old,防止资本无序扩张,2022-05,0,0
platform_economy,old,防止资本无序扩张,2022-06,0,0
platform_economy,old,防止资本无序扩张,2022-07,0,0
platform_economy,old,防止资本无序扩张,2022-08,0,0
platform_economy,old,防止资本无序扩张,2022-09,0,0
platform_economy,old,防止资本无序扩张,2022-10,0,0
platform_economy,old,防止资本无序扩张,2022-11,0,0
platform_economy,old,防止资本无序扩张,2022-12,0,0
platform_economy,old,防止资本无序扩张,2023-01,0,0
platform_economy,old,防止资本无序扩张,2023-02,0,0
platform_economy,old,防止资本无序扩张,2023-03,0,0
platform_economy,old,防止资本无序扩张,2023-04,0,0
platform_economy,old,防止资本无序扩张,2023-05,0,0
platform_economy,old,防止资本无序扩张,2023-06,0,0
platform_economy,old,防止资本无序扩张,2023-07,0,0
platform_economy,old,防止资本无序扩张,2023-08,0,0
platform_economy,old,防止资本无序扩张,2023-09,0,0
platform_economy,old,防止资本无序扩张,2023-10,0,0
platform_economy,old,防止资本无序扩张,2023-11,0,0
platform_economy,old,防止资本无序扩张,2023-12,0,0
platform_economy,old,防止资本无序扩张,2024-01,0,0
platform_economy,old,防止资本无序扩张,2024-02,0,0
platform_economy,old,防止资本无序扩张,2024-03,0,0
platform_economy,old,防止资本无序扩张,2024-04,0,0
platform_economy,old,防止资本无序扩张,2024-05,0,0
platform_economy,old,防止资本无序扩张,2024-06,0,0
platform_economy,old,防止资本无序扩张,2024-07,0,0
platform_economy,old,防止资本无序扩张,2024-08,0,0
platform_economy,old,防止资本无序扩张,2024-09,0,0
platform_economy,old,防止资本无序扩张,2024-10,0,0
platform_economy,old,防止资本无序扩张,2024-11,0,0
platform_economy,old,防止资本无序扩张,2024-12,0,0
platform_economy,old,防止资本无序扩张,2025-01,0,0
platform_economy,old,防止资本无序扩张,2025-02,0,0
platform_economy,old,防止资本无序扩张,2025-03,0,0
platform_economy,old,防止资本无序扩张,2025-04,0,0
platform_economy,old,防止资本无序扩张,2025-05,0,0
platform_economy,old,防止资本无序扩张,2025-06,0,0
platform_economy,old,防止资本无序扩张,2025-07,0,0
platform_economy,old,防止资本无序扩张,2025-08,0,0
platform_economy,old,防止资本无序扩张,2025-09,0,0
platform_economy,old,防止资本无序扩张,2025-10,0,0
platform_economy,old,防止资本无序扩张,2025-11,0,0
platform_economy,old,防止资本无序扩张,2025-12,0,0
platform_economy,new,创新活力,2021-01,1,2
platform_economy,new,创新活力,2021-02,0,0
platform_economy,new,创新活力,2021-03,0,0
platform_economy,new,创新活力,2021-04,2,2
platform_economy,new,创新活力,2021-05,0,0
platform_economy,new,创新活力,2021-06,1,1
platform_economy,new,创新活力,2021-07,0,0
platform_economy,new,创新活力,2021-08,0,0
platform_economy,new,创新活力,2021-09,1,1
platform_economy,new,创新活力,2021-10,3,3
platform_economy,new,创新活力,2021-11,1,1
platform_economy,new,创新活力,2021-12,0,0
platform_economy,new,创新活力,2022-01,2,2
platform_economy,new,创新活力,2022-02,2,5
platform_economy,new,创新活力,2022-03,2,2
platform_economy,new,创新活力,2022-04,1,1
platform_economy,new,创新活力,2022-05,2,2
platform_economy,new,创新活力,2022-06,1,1
platform_economy,new,创新活力,2022-07,1,1
platform_economy,new,创新活力,2022-08,5,5
platform_economy,new,创新活力,2022-09,0,0
platform_economy,new,创新活力,2022-10,0,0
platform_economy,new,创新活力,2022-11,1,1
platform_economy,new,创新活力,2022-12,0,0
platform_economy,new,创新活力,2023-01,1,1
platform_economy,new,创新活力,2023-02,2,2
platform_economy,new,创新活力,2023-03,5,5
platform_economy,new,创新活力,2023-04,2,2
platform_economy,new,创新活力,2023-05,1,1
platform_economy,new,创新活力,2023-06,1,1
platform_economy,new,创新活力,2023-07,3,3
platform_economy,new,创新活力,2023-08,1,1
platform_economy,new,创新活力,2023-09,2,2
platform_economy,new,创新活力,2023-10,1,1
platform_economy,new,创新活力,2023-11,2,2
platform_economy,new,创新活力,2023-12,1,1
platform_economy,new,创新活力,2024-01,1,1
platform_economy,new,创新活力,2024-02,0,0
platform_economy,new,创新活力,2024-03,3,3
platform_economy,new,创新活力,2024-04,2,2
platform_economy,new,创新活力,2024-05,3,5
platform_economy,new,创新活力,2024-06,4,6
platform_economy,new,创新活力,2024-07,3,4
platform_economy,new,创新活力,2024-08,1,1
platform_economy,new,创新活力,2024-09,1,1
platform_economy,new,创新活力,2024-10,4,5
platform_economy,new,创新活力,2024-11,2,4
platform_economy,new,创新活力,2024-12,0,0
platform_economy,new,创新活力,2025-01,5,5
platform_economy,new,创新活力,2025-02,3,3
platform_economy,new,创新活力,2025-03,3,3
platform_economy,new,创新活力,2025-04,5,5
platform_economy,new,创新活力,2025-05,3,3
platform_economy,new,创新活力,2025-06,2,2
platform_economy,new,创新活力,2025-07,2,2
platform_economy,new,创新活力,2025-08,2,2
platform_economy,new,创新活力,2025-09,1,1
platform_economy,new,创新活力,2025-10,5,7
platform_economy,new,创新活力,2025-11,0,0
platform_economy,new,创新活力,2025-12,1,1
platform_economy,new,平台经济,2021-01,1,3
platform_economy,new,平台经济,2021-02,0,0
platform_economy,new,平台经济,2021-03,1,1
platform_economy,new,平台经济,2021-04,1,1
platform_economy,new,平台经济,2021-05,0,0
platform_economy,new,平台经济,2021-06,0,0
platform_economy,new,平台经济,2021-07,0,0
platform_economy,new,平台经济,2021-08,2,2
platform_economy,new,平台经济,2021-09,1,1
platform_economy,new,平台经济,2021-10,0,0
platform_economy,new,平台经济,2021-11,0,0
platform_economy,new,平台经济,2021-12,0,0
platform_economy,new,平台经济,2022-01,0,0
platform_economy,new,平台经济,2022-02,0,0
platform_economy,new,平台经济,2022-03,0,0
platform_economy,new,平台经济,2022-04,3,5
platform_economy,new,平台经济,2022-05,4,4
platform_economy,new,平台经济,2022-06,1,1
platform_economy,new,平台经济,2022-07,2,5
platform_economy,new,平台经济,2022-08,3,3
platform_economy,new,平台经济,2022-09,0,0
platform_economy,new,平台经济,2022-10,0,0
platform_economy,new,平台经济,2022-11,1,1
platform_economy,new,平台经济,2022-12,3,3
platform_economy,new,平台经济,2023-01,1,1
platform_economy,new,平台经济,2023-02,0,0
platform_economy,new,平台经济,2023-03,1,1
platform_economy,new,平台经济,2023-04,1,1
platform_economy,new,平台经济,2023-05,0,0
platform_economy,new,平台经济,2023-06,1,1
platform_economy,new,平台经济,2023-07,1,4
platform_economy,new,平台经济,2023-08,0,0
platform_economy,new,平台经济,2023-09,0,0
platform_economy,new,平台经济,2023-10,0,0
platform_economy,new,平台经济,2023-11,0,0
platform_economy,new,平台经济,2023-12,0,0
platform_economy,new,平台经济,2024-01,0,0
platform_economy,new,平台经济,2024-02,1,1
platform_economy,new,平台经济,2024-03,0,0
platform_economy,new,平台经济,2024-04,0,0
platform_economy,new,平台经济,2024-05,0,0
platform_economy,new,平台经济,2024-06,0,0
platform_economy,new,平台经济,2024-07,2,3
platform_economy,new,平台经济,2024-08,0,0
platform_economy,new,平台经济,2024-09,0,0
platform_economy,new,平台经济,2024-10,0,0
platform_economy,new,平台经济,2024-11,2,7
platform_economy,new,平台经济,2024-12,1,1
platform_economy,new,平台经济,2025-01,0,0
platform_economy,new,平台经济,2025-02,0,0
platform_economy,new,平台经济,2025-03,2,2
platform_economy,new,平台经济,2025-04,0,0
platform_economy,new,平台经济,2025-05,1,1
platform_economy,new,平台经济,2025-06,1,1
platform_economy,new,平台经济,2025-07,0,0
platform_economy,new,平台经济,2025-08,1,1
platform_economy,new,平台经济,2025-09,0,0
platform_economy,new,平台经济,2025-10,1,1
platform_economy,new,平台经济,2025-11,0,0
platform_economy,new,平台经济,2025-12,1,1
platform_economy,new,规范健康发展,2021-01,0,0
platform_economy,new,规范健康发展,2021-02,0,0
platform_economy,new,规范健康发展,2021-03,0,0
platform_economy,new,规范健康发展,2021-04,0,0
platform_economy,new,规范健康发展,2021-05,0,0
platform_economy,new,规范健康发展,2021-06,0,0
platform_economy,new,规范健康发展,2021-07,0,0
platform_economy,new,规范健康发展,2021-08,0,0
platform_economy,new,规范健康发展,2021-09,0,0
platform_economy,new,规范健康发展,2021-10,1,1
platform_economy,new,规范健康发展,2021-11,0,0
platform_economy,new,规范健康发展,2021-12,0,0
platform_economy,new,规范健康发展,2022-01,0,0
platform_economy,new,规范健康发展,2022-02,0,0
platform_economy,new,规范健康发展,2022-03,0,0
platform_economy,new,规范健康发展,2022-04,1,1
platform_economy,new,规范健康发展,2022-05,1,1
platform_economy,new,规范健康发展,2022-06,1,1
platform_economy,new,规范健康发展,2022-07,1,1
platform_economy,new,规范健康发展,2022-08,0,0
platform_economy,new,规范健康发展,2022-09,0,0
platform_economy,new,规范健康发展,2022-10,0,0
platform_economy,new,规范健康发展,2022-11,0,0
platform_economy,new,规范健康发展,2022-12,0,0
platform_economy,new,规范健康发展,2023-01,0,0
platform_economy,new,规范健康发展,2023-02,0,0
platform_economy,new,规范健康发展,2023-03,0,0
platform_economy,new,规范健康发展,2023-04,1,1
platform_economy,new,规范健康发展,2023-05,0,0
platform_economy,new,规范健康发展,2023-06,1,1
platform_economy,new,规范健康发展,2023-07,0,0
platform_economy,new,规范健康发展,2023-08,0,0
platform_economy,new,规范健康发展,2023-09,0,0
platform_economy,new,规范健康发展,2023-10,0,0
platform_economy,new,规范健康发展,2023-11,1,1
platform_economy,new,规范健康发展,2023-12,0,0
platform_economy,new,规范健康发展,2024-01,0,0
platform_economy,new,规范健康发展,2024-02,0,0
platform_economy,new,规范健康发展,2024-03,0,0
platform_economy,new,规范健康发展,2024-04,0,0
platform_economy,new,规范健康发展,2024-05,0,0
platform_economy,new,规范健康发展,2024-06,0,0
platform_economy,new,规范健康发展,2024-07,0,0
platform_economy,new,规范健康发展,2024-08,0,0
platform_economy,new,规范健康发展,2024-09,0,0
platform_economy,new,规范健康发展,2024-10,0,0
platform_economy,new,规范健康发展,2024-11,0,0
platform_economy,new,规范健康发展,2024-12,0,0
platform_economy,new,规范健康发展,2025-01,0,0
platform_economy,new,规范健康发展,2025-02,0,0
platform_economy,new,规范健康发展,2025-03,0,0
platform_economy,new,规范健康发展,2025-04,0,0
platform_economy,new,规范健康发展,2025-05,0,0
platform_economy,new,规范健康发展,2025-06,1,1
platform_economy,new,规范健康发展,2025-07,0,0
platform_economy,new,规范健康发展,2025-08,0,0
platform_economy,new,规范健康发展,2025-09,1,1
platform_economy,new,规范健康发展,2025-10,0,0
platform_economy,new,规范健康发展,2025-11,0,0
platform_economy,new,规范健康发展,2025-12,0,0
platform_economy,new,鼓励,2021-01,12,23
platform_economy,new,鼓励,2021-02,6,7
platform_economy,new,鼓励,2021-03,6,7
platform_economy,new,鼓励,2021-04,4,6
platform_economy,new,鼓励,2021-05,4,5
platform_economy,new,鼓励,2021-06,3,7
platform_economy,new,鼓励,2021-07,3,4
platform_economy,new,鼓励,2021-08,6,8
platform_economy,new,鼓励,2021-09,7,9
platform_economy,new,鼓励,2021-10,11,18
platform_economy,new,鼓励,2021-11,7,15
platform_economy,new,鼓励,2021-12,4,8
platform_economy,new,鼓励,2022-01,3,4
platform_economy,new,鼓励,2022-02,6,9
platform_economy,new,鼓励,2022-03,8,11
platform_economy,new,鼓励,2022-04,9,10
platform_economy,new,鼓励,2022-05,9,11
platform_economy,new,鼓励,2022-06,11,15
platform_economy,new,鼓励,2022-07,9,11
platform_economy,new,鼓励,2022-08,10,11
platform_economy,new,鼓励,2022-09,6,8
platform_economy,new,鼓励,2022-10,4,12
platform_economy,new,鼓励,2022-11,6,12
platform_economy,new,鼓励,2022-12,12,20
platform_economy,new,鼓励,2023-01,8,13
platform_economy,new,鼓励,2023-02,14,19
platform_economy,new,鼓励,2023-03,8,9
platform_economy,new,鼓励,2023-04,12,19
platform_economy,new,鼓励,2023-05,17,27
platform_economy,new,鼓励,2023-06,11,13
platform_economy,new,鼓励,2023-07,12,19
platform_economy,new,鼓励,2023-08,10,17
platform_economy,new,鼓励,2023-09,10,13
platform_economy,new,鼓励,2023-10,12,17
platform_economy,new,鼓励,2023-11,12,14
platform_economy,new,鼓励,2023-12,13,15
platform_economy,new,鼓励,2024-01,8,9
platform_economy,new,鼓励,2024-02,8,11
platform_economy,new,鼓励,2024-03,11,17
platform_economy,new,鼓励,2024-04,10,17
platform_economy,new,鼓励,2024-05,17,26
platform_economy,new,鼓励,2024-06,16,21
platform_economy,new,鼓励,2024-07,13,31
platform_economy,new,鼓励,2024-08,12,18
platform_economy,new,鼓励,2024-09,14,23
platform_economy,new,鼓励,2024-10,12,13
platform_economy,new,鼓励,2024-11,10,14
platform_economy,new,鼓励,2024-12,11,14
platform_economy,new,鼓励,2025-01,7,11
platform_economy,new,鼓励,2025-02,10,15
platform_economy,new,鼓励,2025-03,10,11
platform_economy,new,鼓励,2025-04,16,24
platform_economy,new,鼓励,2025-05,10,14
platform_economy,new,鼓励,2025-06,14,19
platform_economy,new,鼓励,2025-07,6,7
platform_economy,new,鼓励,2025-08,10,12
platform_economy,new,鼓励,2025-09,5,6
platform_economy,new,鼓励,2025-10,7,11
platform_economy,new,鼓励,2025-11,3,5
platform_economy,new,鼓励,2025-12,6,12
real_estate,old,严控,2021-01,1,1
real_estate,old,严控,2021-02,0,0
real_estate,old,严控,2021-03,0,0
real_estate,old,严控,2021-04,0,0
real_estate,old,严控,2021-05,0,0
real_estate,old,严控,2021-06,1,1
real_estate,old,严控,2021-07,0,0
real_estate,old,严控,2021-08,2,2
real_estate,old,严控,2021-09,1,1
real_estate,old,严控,2021-10,2,2
real_estate,old,严控,2021-11,1,1
real_estate,old,严控,2021-12,0,0
real_estate,old,严控,2022-01,1,1
real_estate,old,严控,2022-02,0,0
real_estate,old,严控,2022-03,1,1
real_estate,old,严控,2022-04,0,0
real_estate,old,严控,2022-05,1,1
real_estate,old,严控,2022-06,0,0
real_estate,old,严控,2022-07,1,1
real_estate,old,严控,2022-08,1,1
real_estate,old,严控,2022-09,0,0
real_estate,old,严控,2022-10,0,0
real_estate,old,严控,2022-11,0,0
real_estate,old,严控,2022-12,0,0
real_estate,old,严控,2023-01,0,0
real_estate,old,严控,2023-02,0,0
real_estate,old,严控,2023-03,0,0
real_estate,old,严控,2023-04,1,1
real_estate,old,严控,2023-05,1,1
real_estate,old,严控,2023-06,0,0
real_estate,old,严控,2023-07,0,0
real_estate,old,严控,2023-08,0,0
real_estate,old,严控,2023-09,0,0
real_estate,old,严控,2023-10,0,0
real_estate,old,严控,2023-11,0,0
real_estate,old,严控,2023-12,2,2
real_estate,old,严控,2024-01,1,1
real_estate,old,严控,2024-02,0,0
real_estate,old,严控,2024-03,0,0
real_estate,old,严控,2024-04,0,0
real_estate,old,严控,2024-05,0,0
real_estate,old,严控,2024-06,0,0
real_estate,old,严控,2024-07,0,0
real_estate,old,严控,2024-08,0,0
real_estate,old,严控,2024-09,1,1
real_estate,old,严控,2024-10,0,0
real_estate,old,严控,2024-11,0,0
real_estate,old,严控,2024-12,1,1
real_estate,old,严控,2025-01,0,0
real_estate,old,严控,2025-02,1,1
real_estate,old,严控,2025-03,0,0
real_estate,old,严控,2025-04,0,0
real_estate,old,严控,2025-05,0,0
real_estate,old,严控,2025-06,0,0
real_estate,old,严控,2025-07,0,0
real_estate,old,严控,2025-08,0,0
real_estate,old,严控,2025-09,0,0
real_estate,old,严控,2025-10,0,0
real_estate,old,严控,2025-11,1,1
real_estate,old,严控,2025-12,0,0
real_estate,old,因城施策,2021-01,0,0
real_estate,old,因城施策,2021-02,0,0
real_estate,old,因城施策,2021-03,0,0
real_estate,old,因城施策,2021-04,0,0
real_estate,old,因城施策,2021-05,0,0
real_estate,old,因城施策,2021-06,1,1
real_estate,old,因城施策,2021-07,0,0
real_estate,old,因城施策,2021-08,0,0
real_estate,old,因城施策,2021-09,0,0
real_estate,old,因城施策,2021-10,0,0
real_estate,old,因城施策,2021-11,0,0
real_estate,old,因城施策,2021-12,0,0
real_estate,old,因城施策,2022-01,0,0
real_estate,old,因城施策,2022-02,0,0
real_estate,old,因城施策,2022-03,0,0
real_estate,old,因城施策,2022-04,0,0
real_estate,old,因城施策,2022-05,1,1
real_estate,old,因城施策,2022-06,0,0
real_estate,old,因城施策,2022-07,2,2
real_estate,old,因城施策,2022-08,0,0
real_estate,old,因城施策,2022-09,0,0
real_estate,old,因城施策,2022-10,1,1
real_estate,old,因城施策,2022-11,1,1
real_estate,old,因城施策,2022-12,2,2
real_estate,old,因城施策,2023-01,1,2
real_estate,old,因城施策,2023-02,0,0
real_estate,old,因城施策,2023-03,1,1
real_estate,old,因城施策,2023-04,2,2
real_estate,old,因城施策,2023-05,0,0
real_estate,old,因城施策,2023-06,0,0
real_estate,old,因城施策,2023-07,1,1
real_estate,old,因城施策,2023-08,1,1
real_estate,old,因城施策,2023-09,0,0
real_estate,old,因城施策,2023-10,0,0
real_estate,old,因城施策,2023-11,0,0
real_estate,old,因城施策,2023-12,0,0
real_estate,old,因城施策,2024-01,0,0
real_estate,old,因城施策,2024-02,0,0
real_estate,old,因城施策,2024-03,1,1
real_estate,old,因城施策,2024-04,1,1
real_estate,old,因城施策,2024-05,0,0
real_estate,old,因城施策,2024-06,0,0
real_estate,old,因城施策,2024-07,1,1
real_estate,old,因城施策,2024-08,0,0
real_estate,old,因城施策,2024-09,0,0
real_estate,old,因城施策,2024-10,1,1
real_estate,old,因城施策,2024-11,0,0
real_estate,old,因城施策,2024-12,0,0
real_estate,old,因城施策,2025-01,0,0
real_estate,old,因城施策,2025-02,0,0
real_estate,old,因城施策,2025-03,0,0
real_estate,old,因城施策,2025-04,0,0
real_estate,old,因城施策,2025-05,0,0
real_estate,old,因城施策,2025-06,0,0
real_estate,old,因城施策,2025-07,0,0
real_estate,old,因城施策,2025-08,0,0
real_estate,old,因城施策,2025-09,0,0
real_estate,old,因城施策,2025-10,1,1
real_estate,old,因城施策,2025-11,0,0
real_estate,old,因城施策,2025-12,1,1
real_estate,old,房住不炒,2021-01,0,0
real_estate,old,房住不炒,2021-02,1,1
real_estate,old,房住不炒,2021-03,0,0
real_estate,old,房住不炒,2021-04,0,0
real_estate,old,房住不炒,2021-05,0,0
real_estate,old,房住不炒,2021-06,0,0
real_estate,old,房住不炒,2021-07,0,0
real_estate,old,房住不炒,2021-08,0,0
real_estate,old,房住不炒,2021-09,0,0
real_estate,old,房住不炒,2021-10,0,0
real_estate,old,房住不炒,2021-11,0,0
real_estate,old,房住不炒,2021-12,0,0
real_estate,old,房住不炒,2022-01,0,0
real_estate,old,房住不炒,2022-02,0,0
real_estate,old,房住不炒,2022-03,0,0
real_estate,old,房住不炒,2022-04,0,0
real_estate,old,房住不炒,2022-05,0,0
real_estate,old,房住不炒,2022-06,0,0
real_estate,old,房住不炒,2022-07,0,0
real_estate,old,房住不炒,2022-08,0,0
real_estate,old,房住不炒,2022-09,0,0
real_estate,old,房住不炒,2022-10,0,0
real_estate,old,房住不炒,2022-11,0,0
real_estate,old,房住不炒,2022-12,0,0
real_estate,old,房住不炒,2023-01,0,0
real_estate,old,房住不炒,2023-02,0,0
real_estate,old,房住不炒,2023-03,0,0
real_estate,old,房住不炒,2023-04,0,0
real_estate,old,房住不炒,2023-05,0,0
real_estate,old,房住不炒,2023-06,0,0
real_estate,old,房住不炒,2023-07,0,0
real_estate,old,房住不炒,2023-08,0,0
real_estate,old,房住不炒,2023-09,0,0
real_estate,old,房住不炒,2023-10,0,0
real_estate,old,房住不炒,2023-11,0,0
real_estate,old,房住不炒,2023-12,0,0
real_estate,old,房住不炒,2024-01,0,0
real_estate,old,房住不炒,2024-02,0,0
real_estate,old,房住不炒,2024-03,0,0
real_estate,old,房住不炒,2024-04,0,0
real_estate,old,房住不炒,2024-05,0,0
real_estate,old,房住不炒,2024-06,0,0
real_estate,old,房住不炒,2024-07,0,0
real_estate,old,房住不炒,2024-08,0,0
real_estate,old,房住不炒,2024-09,0,0
real_estate,old,房住不炒,2024-10,0,0
real_estate,old,房住不炒,2024-11,0,0
real_estate,old,房住不炒,2024-12,0,0
real_estate,old,房住不炒,2025-01,0,0
real_estate,old,房住不炒,2025-02,0,0
real_estate,old,房住不炒,2025-03,0,0
real_estate,old,房住不炒,2025-04,0,0
real_estate,old,房住不炒,2025-05,0,0
real_estate,old,房住不炒,2025-06,0,0
real_estate,old,房住不炒,2025-07,0,0
real_estate,old,房住不炒,2025-08,0,0
real_estate,old,房住不炒,2025-09,0,0
real_estate,old,房住不炒,2025-10,0,0
real_estate,old,房住不炒,2025-11,0,0
real_estate,old,房住不炒,2025-12,0,0
real_estate,old,抑制,2021-01,1,1
real_estate,old,抑制,2021-02,0,0
real_estate,old,抑制,2021-03,1,1
real_estate,old,抑制,2021-04,0,0
real_estate,old,抑制,2021-05,0,0
real_estate,old,抑制,2021-06,0,0
real_estate,old,抑制,2021-07,0,0
real_estate,old,抑制,2021-08,0,0
real_estate,old,抑制,2021-09,0,0
real_estate,old,抑制,2021-10,0,0
real_estate,old,抑制,2021-11,0,0
real_estate,old,抑制,2021-12,0,0
real_estate,old,抑制,2022-01,0,0
real_estate,old,抑制,2022-02,0,0
real_estate,old,抑制,2022-03,0,0
real_estate,old,抑制,2022-04,0,0
real_estate,old,抑制,2022-05,0,0
real_estate,old,抑制,2022-06,0,0
real_estate,old,抑制,2022-07,1,3
real_estate,old,抑制,2022-08,2,2
real_estate,old,抑制,2022-09,0,0
real_estate,old,抑制,2022-10,1,1
real_estate,old,抑制,2022-11,0,0
real_estate,old,抑制,2022-12,0,0
real_estate,old,抑制,2023-01,0,0
real_estate,old,抑制,2023-02,0,0
real_estate,old,抑制,2023-03,0,0
real_estate,old,抑制,2023-04,0,0
real_estate,old,抑制,2023-05,2,2
real_estate,old,抑制,2023-06,1,1
real_estate,old,抑制,2023-07,0,0
real_estate,old,抑制,2023-08,0,0
real_estate,old,抑制,2023-09,0,0
real_estate,old,抑制,2023-10,1,2
real_estate,old,抑制,2023-11,0,0
real_estate,old,抑制,2023-12,0,0
real_estate,old,抑制,2024-01,0,0
real_estate,old,抑制,2024-02,1,1
real_estate,old,抑制,2024-03,0,0
real_estate,old,抑制,2024-04,0,0
real_estate,old,抑制,2024-05,1,2
real_estate,old,抑制,2024-06,2,2
real_estate,old,抑制,2024-07,0,0
real_estate,old,抑制,2024-08,0,0
real_estate,old,抑制,2024-09,0,0
real_estate,old,抑制,2024-10,1,1
real_estate,old,抑制,2024-11,1,1
real_estate,old,抑制,2024-12,0,0
real_estate,old,抑制,2025-01,0,0
real_estate,old,抑制,2025-02,0,0
real_estate,old,抑制,2025-03,0,0
real_estate,old,抑制,2025-04,2,2
real_estate,old,抑制,2025-05,0,0
real_estate,old,抑制,2025-06,1,1
real_estate,old,抑制,2025-07,0,0
real_estate,old,抑制,2025-08,0,0
real_estate,old,抑制,2025-09,1,1
real_estate,old,抑制,2025-10,0,0
real_estate,old,抑制,2025-11,2,2
real_estate,old,抑制,2025-12,1,1
real_estate,old,调控,2021-01,1,1
real_estate,old,调控,2021-02,1,3
real_estate,old,调控,2021-03,3,3
real_estate,old,调控,2021-04,3,3
real_estate,old,调控,2021-05,2,2
real_estate,old,调控,2021-06,1,1
real_estate,old,调控,2021-07,2,2
real_estate,old,调控,2021-08,2,2
real_estate,old,调控,2021-09,3,3
real_estate,old,调控,2021-10,4,5
real_estate,old,调控,2021-11,2,4
real_estate,old,调控,2021-12,0,0
real_estate,old,调控,2022-01,2,3
real_estate,old,调控,2022-02,1,1
real_estate,old,调控,2022-03,1,1
real_estate,old,调控,2022-04,5,5
real_estate,old,调控,2022-05,1,1
real_estate,old,调控,2022-06,5,6
real_estate,old,调控,2022-07,2,2
real_estate,old,调控,2022-08,4,4
real_estate,old,调控,2022-09,1,1
real_estate,old,调控,2022-10,0,0
real_estate,old,调控,2022-11,0,0
real_estate,old,调控,2022-12,7,13
real_estate,old,调控,2023-01,2,2
real_estate,old,调控,2023-02,6,8
real_estate,old,调控,2023-03,4,5
real_estate,old,调控,2023-04,0,0
real_estate,old,调控,2023-05,0,0
real_estate,old,调控,2023-06,2,2
real_estate,old,调控,2023-07,2,6
real_estate,old,调控,2023-08,3,3
real_estate,old,调控,2023-09,1,1
real_estate,old,调控,2023-10,3,5
real_estate,old,调控,2023-11,3,3
real_estate,old,调控,2023-12,5,8
real_estate,old,调控,2024-01,3,4
real_estate,old,调控,2024-02,3,4
real_estate,old,调控,2024-03,5,6
real_estate,old,调控,2024-04,1,1
real_estate,old,调控,2024-05,0,0
real_estate,old,调控,2024-06,5,5
real_estate,old,调控,2024-07,8,20
real_estate,old,调控,2024-08,5,7
real_estate,old,调控,2024-09,3,4
real_estate,old,调控,2024-10,6,6
real_estate,old,调控,2024-11,1,1
real_estate,old,调控,2024-12,5,6
real_estate,old,调控,2025-01,2,2
real_estate,old,调控,2025-02,3,3
real_estate,old,调控,2025-03,4,5
real_estate,old,调控,2025-04,3,3
real_estate,old,调控,2025-05,1,1
real_estate,old,调控,2025-06,1,1
real_estate,old,调控,2025-07,3,4
real_estate,old,调控,2025-08,1,1
real_estate,old,调控,2025-09,3,3
real_estate,old,调控,2025-10,1,1
real_estate,old,调控,2025-11,4,5
real_estate,old,调控,2025-12,3,3
real_estate,old,长效机制,2021-01,1,1
real_estate,old,长效机制,2021-02,3,3
real_estate,old,长效机制,2021-03,2,2
real_estate,old,长效机制,2021-04,1,1
real_estate,old,长效机制,2021-05,1,1
real_estate,old,长效机制,2021-06,0,0
real_estate,old,长效机制,2021-07,1,2
real_estate,old,长效机制,2021-08,0,0
real_estate,old,长效机制,2021-09,2,2
real_estate,old,长效机制,2021-10,1,1
real_estate,old,长效机制,2021-11,1,1
real_estate,old,长效机制,2021-12,1,1
real_estate,old,长效机制,2022-01,0,0
real_estate,old,长效机制,2022-02,2,2
real_estate,old,长效机制,2022-03,1,1
real_estate,old,长效机制,2022-04,3,3
real_estate,old,长效机制,2022-05,2,2
real_estate,old,长效机制,2022-06,2,2
real_estate,old,长效机制,2022-07,0,0
real_estate,old,长效机制,2022-08,1,1
real_estate,old,长效机制,2022-09,2,2
real_estate,old,长效机制,2022-10,0,0
real_estate,old,长效机制,2022-11,0,0
real_estate,old,长效机制,2022-12,0,0
real_estate,old,长效机制,2023-01,1,2
real_estate,old,长效机制,2023-02,5,5
real_estate,old,长效机制,2023-03,2,2
real_estate,old,长效机制,2023-04,0,0
real_estate,old,长效机制,2023-05,0,0
real_estate,old,长效机制,2023-06,1,1
real_estate,old,长效机制,2023-07,3,3
real_estate,old,长效机制,2023-08,0,0
real_estate,old,长效机制,2023-09,3,5
real_estate,old,长效机制,2023-10,0,0
real_estate,old,长效机制,2023-11,0,0
real_estate,old,长效机制,2023-12,2,2
real_estate,old,长效机制,2024-01,1,1
real_estate,old,长效机制,2024-02,4,4
real_estate,old,长效机制,2024-03,3,3
real_estate,old,长效机制,2024-04,3,5
real_estate,old,长效机制,2024-05,2,2
real_estate,old,长效机制,2024-06,2,2
real_estate,old,长效机制,2024-07,2,14
real_estate,old,长效机制,2024-08,3,5
real_estate,old,长效机制,2024-09,0,0
real_estate,old,长效机制,2024-10,0,0
real_estate,old,长效机制,2024-11,1,1
real_estate,old,长效机制,2024-12,3,4
real_estate,old,长效机制,2025-01,3,3
real_estate,old,长效机制,2025-02,3,4
real_estate,old,长效机制,2025-03,4,4
real_estate,old,长效机制,2025-04,1,1
real_estate,old,长效机制,2025-05,2,2
real_estate,old,长效机制,2025-06,3,3
real_estate,old,长效机制,2025-07,3,3
real_estate,old,长效机制,2025-08,2,2
real_estate,old,长效机制,2025-09,1,1
real_estate,old,长效机制,2025-10,1,4
real_estate,old,长效机制,2025-11,3,4
real_estate,old,长效机制,2025-12,2,2
real_estate,new,保交楼,2021-01,0,0
real_estate,new,保交楼,2021-02,0,0
real_estate,new,保交楼,2021-03,0,0
real_estate,new,保交楼,2021-04,0,0
real_estate,new,保交楼,2021-05,0,0
real_estate,new,保交楼,2021-06,0,0
real_estate,new,保交楼,2021-07,0,0
real_estate,new,保交楼,2021-08,0,0
real_estate,new,保交楼,2021-09,0,0
real_estate,new,保交楼,2021-10,0,0
real_estate,new,保交楼,2021-11,0,0
real_estate,new,保交楼,2021-12,0,0
real_estate,new,保交楼,2022-01,0,0
real_estate,new,保交楼,2022-02,0,0
real_estate,new,保交楼,2022-03,0,0
real_estate,new,保交楼,2022-04,0,0
real_estate,new,保交楼,2022-05,0,0
real_estate,new,保交楼,2022-06,0,0
real_estate,new,保交楼,2022-07,1,1
real_estate,new,保交楼,2022-08,1,1
real_estate,new,保交楼,2022-09,0,0
real_estate,new,保交楼,2022-10,0,0
real_estate,new,保交楼,2022-11,1,2
real_estate,new,保交楼,2022-12,1,1
real_estate,new,保交楼,2023-01,1,1
real_estate,new,保交楼,2023-02,0,0
real_estate,new,保交楼,2023-03,0,0
real_estate,new,保交楼,2023-04,1,1
real_estate,new,保交楼,2023-05,0,0
real_estate,new,保交楼,2023-06,0,0
real_estate,new,保交楼,2023-07,0,0
real_estate,new,保交楼,2023-08,0,0
real_estate,new,保交楼,2023-09,1,1
real_estate,new,保交楼,2023-10,0,0
real_estate,new,保交楼,2023-11,0,0
real_estate,new,保交楼,2023-12,2,2
real_estate,new,保交楼,2024-01,0,0
real_estate,new,保交楼,2024-02,0,0
real_estate,new,保交楼,2024-03,1,2
real_estate,new,保交楼,2024-04,0,0
real_estate,new,保交楼,2024-05,0,0
real_estate,new,保交楼,2024-06,0,0
real_estate,new,保交楼,2024-07,0,0
real_estate,new,保交楼,2024-08,0,0
real_estate,new,保交楼,2024-09,0,0
real_estate,new,保交楼,2024-10,0,0
real_estate,new,保交楼,2024-11,0,0
real_estate,new,保交楼,2024-12,0,0
real_estate,new,保交楼,2025-01,0,0
real_estate,new,保交楼,2025-02,0,0
real_estate,new,保交楼,2025-03,0,0
real_estate,new,保交楼,2025-04,0,0
real_estate,new,保交楼,2025-05,0,0
real_estate,new,保交楼,2025-06,0,0
real_estate,new,保交楼,2025-07,0,0
real_estate,new,保交楼,2025-08,0,0
real_estate,new,保交楼,2025-09,0,0
real_estate,new,保交楼,2025-10,0,0
real_estate,new,保交楼,2025-11,0,0
real_estate,new,保交楼,2025-12,0,0
real_estate,new,城中村改造,2021-01,0,0
real_estate,new,城中村改造,2021-02,0,0
real_estate,new,城中村改造,2021-03,0,0
real_estate,new,城中村改造,2021-04,0,0
real_estate,new,城中村改造,2021-05,0,0
real_estate,new,城中村改造,2021-06,0,0
real_estate,new,城中村改造,2021-07,0,0
real_estate,new,城中村改造,2021-08,0,0
real_estate,new,城中村改造,2021-09,0,0
real_estate,new,城中村改造,2021-10,0,0
real_estate,new,城中村改造,2021-11,0,0
real_estate,new,城中村改造,2021-12,0,0
real_estate,new,城中村改造,2022-01,0,0
real_estate,new,城中村改造,2022-02,0,0
real_estate,new,城中村改造,2022-03,0,0
real_estate,new,城中村改造,2022-04,0,0
real_estate,new,城中村改造,2022-05,0,0
real_estate,new,城中村改造,2022-06,0,0
real_estate,new,城中村改造,2022-07,0,0
real_estate,new,城中村改造,2022-08,0,0
real_estate,new,城中村改造,2022-09,0,0
real_estate,new,城中村改造,2022-10,0,0
real_estate,new,城中村改造,2022-11,1,2
real_estate,new,城中村改造,2022-12,0,0
real_estate,new,城中村改造,2023-01,0,0
real_estate,new,城中村改造,2023-02,0,0
real_estate,new,城中村改造,2023-03,0,0
real_estate,new,城中村改造,2023-04,1,1
real_estate,new,城中村改造,2023-05,0,0
real_estate,new,城中村改造,2023-06,0,0
real_estate,new,城中村改造,2023-07,2,5
real_estate,new,城中村改造,2023-08,0,0
real_estate,new,城中村改造,2023-09,0,0
real_estate,new,城中村改造,2023-10,0,0
real_estate,new,城中村改造,2023-11,0,0
real_estate,new,城中村改造,2023-12,1,1
real_estate,new,城中村改造,2024-01,0,0
real_estate,new,城中村改造,2024-02,0,0
real_estate,new,城中村改造,2024-03,0,0
real_estate,new,城中村改造,2024-04,0,0
real_estate,new,城中村改造,2024-05,0,0
real_estate,new,城中村改造,2024-06,0,0
real_estate,new,城中村改造,2024-07,0,0
real_estate,new,城中村改造,2024-08,1,1
real_estate,new,城中村改造,2024-09,0,0
real_estate,new,城中村改造,2024-10,1,1
real_estate,new,城中村改造,2024-11,1,3
real_estate,new,城中村改造,2024-12,1,3
real_estate,new,城中村改造,2025-01,1,3
real_estate,new,城中村改造,2025-02,0,0
real_estate,new,城中村改造,2025-03,0,0
real_estate,new,城中村改造,2025-04,1,1
real_estate,new,城中村改造,2025-05,1,1
real_estate,new,城中村改造,2025-06,0,0
real_estate,new,城中村改造,2025-07,1,1
real_estate,new,城中村改造,2025-08,1,2
real_estate,new,城中村改造,2025-09,0,0
real_estate,new,城中村改造,2025-10,1,1
real_estate,new,城中村改造,2025-11,0,0
real_estate,new,城中村改造,2025-12,0,0
real_estate,new,平稳健康,2021-01,0,0
real_estate,new,平稳健康,2021-02,1,1
real_estate,new,平稳健康,2021-03,0,0
real_estate,new,平稳健康,2021-04,1,1
real_estate,new,平稳健康,2021-05,0,0
real_estate,new,平稳健康,2021-06,0,0
real_estate,new,平稳健康,2021-07,1,1
real_estate,new,平稳健康,2021-08,1,1
real_estate,new,平稳健康,2021-09,2,2
real_estate,new,平稳健康,2021-10,1,1
real_estate,new,平稳健康,2021-11,1,1
real_estate,new,平稳健康,2021-12,2,2
real_estate,new,平稳健康,2022-01,3,3
real_estate,new,平稳健康,2022-02,2,2
real_estate,new,平稳健康,2022-03,3,4
real_estate,new,平稳健康,2022-04,2,2
real_estate,new,平稳健康,2022-05,2,2
real_estate,new,平稳健康,2022-06,4,4
real_estate,new,平稳健康,2022-07,1,1
real_estate,new,平稳健康,2022-08,0,0
real_estate,new,平稳健康,2022-09,1,1
real_estate,new,平稳健康,2022-10,3,3
real_estate,new,平稳健康,2022-11,2,2
real_estate,new,平稳健康,2022-12,1,1
real_estate,new,平稳健康,2023-01,0,0
real_estate,new,平稳健康,2023-02,0,0
real_estate,new,平稳健康,2023-03,2,3
real_estate,new,平稳健康,2023-04,2,2
real_estate,new,平稳健康,2023-05,0,0
real_estate,new,平稳健康,2023-06,1,1
real_estate,new,平稳健康,2023-07,2,2
real_estate,new,平稳健康,2023-08,1,1
real_estate,new,平稳健康,2023-09,0,0
real_estate,new,平稳健康,2023-10,1,1
real_estate,new,平稳健康,2023-11,2,2
real_estate,new,平稳健康,2023-12,1,1
real_estate,new,平稳健康,2024-01,1,1
real_estate,new,平稳健康,2024-02,0,0
real_estate,new,平稳健康,2024-03,1,2
real_estate,new,平稳健康,2024-04,2,3
real_estate,new,平稳健康,2024-05,4,4
real_estate,new,平稳健康,2024-06,3,3
real_estate,new,平稳健康,2024-07,3,3
real_estate,new,平稳健康,2024-08,0,0
real_estate,new,平稳健康,2024-09,2,2
real_estate,new,平稳健康,2024-10,1,1
real_estate,new,平稳健康,2024-11,2,3
real_estate,new,平稳健康,2024-12,0,0
real_estate,new,平稳健康,2025-01,1,1
real_estate,new,平稳健康,2025-02,1,1
real_estate,new,平稳健康,2025-03,0,0
real_estate,new,平稳健康,2025-04,3,3
real_estate,new,平稳健康,2025-05,0,0
real_estate,new,平稳健康,2025-06,1,1
real_estate,new,平稳健康,2025-07,1,1
real_estate,new,平稳健康,2025-08,2,2
real_estate,new,平稳健康,2025-09,2,2
real_estate,new,平稳健康,2025-10,1,1
real_estate,new,平稳健康,2025-11,1,1
real_estate,new,平稳健康,2025-12,0,0
real_estate,new,止跌回稳,2021-01,0,0
real_estate,new,止跌回稳,2021-02,0,0
real_estate,new,止跌回稳,2021-03,0,0
real_estate,new,止跌回稳,2021-04,0,0
real_estate,new,止跌回稳,2021-05,0,0
real_estate,new,止跌回稳,2021-06,0,0
real_estate,new,止跌回稳,2021-07,0,0
real_estate,new,止跌回稳,2021-08,0,0
real_estate,new,止跌回稳,2021-09,0,0
real_estate,new,止跌回稳,2021-10,0,0
real_estate,new,止跌回稳,2021-11,0,0
real_estate,new,止跌回稳,2021-12,0,0
real_estate,new,止跌回稳,2022-01,0,0
real_estate,new,止跌回稳,2022-02,0,0
real_estate,new,止跌回稳,2022-03,0,0
real_estate,new,止跌回稳,2022-04,0,0
real_estate,new,止跌回稳,2022-05,0,0
real_estate,new,止跌回稳,2022-06,0,0
real_estate,new,止跌回稳,2022-07,0,0
real_estate,new,止跌回稳,2022-08,0,0
real_estate,new,止跌回稳,2022-09,0,0
real_estate,new,止跌回稳,2022-10,0,0
real_estate,new,止跌回稳,2022-11,0,0
real_estate,new,止跌回稳,2022-12,0,0
real_estate,new,止跌回稳,2023-01,0,0
real_estate,new,止跌回稳,2023-02,0,0
real_estate,new,止跌回稳,2023-03,0,0
real_estate,new,止跌回稳,2023-04,0,0
real_estate,new,止跌回稳,2023-05,0,0
real_estate,new,止跌回稳,2023-06,0,0
real_estate,new,止跌回稳,2023-07,0,0
real_estate,new,止跌回稳,2023-08,0,0
real_estate,new,止跌回稳,2023-09,0,0
real_estate,new,止跌回稳,2023-10,0,0
real_estate,new,止跌回稳,2023-11,0,0
real_estate,new,止跌回稳,2023-12,0,0
real_estate,new,止跌回稳,2024-01,0,0
real_estate,new,止跌回稳,2024-02,0,0
real_estate,new,止跌回稳,2024-03,0,0
real_estate,new,止跌回稳,2024-04,0,0
real_estate,new,止跌回稳,2024-05,0,0
real_estate,new,止跌回稳,2024-06,0,0
real_estate,new,止跌回稳,2024-07,0,0
real_estate,new,止跌回稳,2024-08,0,0
real_estate,new,止跌回稳,2024-09,2,2
real_estate,new,止跌回稳,2024-10,3,4
real_estate,new,止跌回稳,2024-11,2,2
real_estate,new,止跌回稳,2024-12,3,5
real_estate,new,止跌回稳,2025-01,0,0
real_estate,new,止跌回稳,2025-02,1,1
real_estate,new,止跌回稳,2025-03,0,0
real_estate,new,止跌回稳,2025-04,1,1
real_estate,new,止跌回稳,2025-05,0,0
real_estate,new,止跌回稳,2025-06,1,1
real_estate,new,止跌回稳,2025-07,0,0
real_estate,new,止跌回稳,2025-08,1,1
real_estate,new,止跌回稳,2025-09,0,0
real_estate,new,止跌回稳,2025-10,0,0
real_estate,new,止跌回稳,2025-11,0,0
real_estate,new,止跌回稳,2025-12,1,1
real_estate,new,白名单,2021-01,0,0
real_estate,new,白名单,2021-02,0,0
real_estate,new,白名单,2021-03,0,0
real_estate,new,白名单,2021-04,0,0
real_estate,new,白名单,2021-05,0,0
real_estate,new,白名单,2021-06,0,0
real_estate,new,白名单,2021-07,0,0
real_estate,new,白名单,2021-08,0,0
real_estate,new,白名单,2021-09,0,0
real_estate,new,白名单,2021-10,0,0
real_estate,new,白名单,2021-11,0,0
real_estate,new,白名单,2021-12,0,0
real_estate,new,白名单,2022-01,1,1
real_estate,new,白名单,2022-02,0,0
real_estate,new,白名单,2022-03,0,0
real_estate,new,白名单,2022-04,1,1
real_estate,new,白名单,2022-05,6,8
real_estate,new,白名单,2022-06,1,1
real_estate,new,白名单,2022-07,0,0
real_estate,new,白名单,2022-08,0,0
real_estate,new,白名单,2022-09,0,0
real_estate,new,白名单,2022-10,0,0
real_estate,new,白名单,2022-11,2,3
real_estate,new,白名单,2022-12,3,4
real_estate,new,白名单,2023-01,0,0
real_estate,new,白名单,2023-02,0,0
real_estate,new,白名单,2023-03,0,0
real_estate,new,白名单,2023-04,0,0
real_estate,new,白名单,2023-05,0,0
real_estate,new,白名单,2023-06,0,0
real_estate,new,白名单,2023-07,0,0
real_estate,new,白名单,2023-08,0,0
real_estate,new,白名单,2023-09,0,0
real_estate,new,白名单,2023-10,0,0
real_estate,new,白名单,2023-11,0,0
real_estate,new,白名单,2023-12,0,0
real_estate,new,白名单,2024-01,1,1
real_estate,new,白名单,2024-02,0,0
real_estate,new,白名单,2024-03,0,0
real_estate,new,白名单,2024-04,0,0
real_estate,new,白名单,2024-05,1,1
real_estate,new,白名单,2024-06,1,3
real_estate,new,白名单,2024-07,0,0
real_estate,new,白名单,2024-08,0,0
real_estate,new,白名单,2024-09,1,1
real_estate,new,白名单,2024-10,3,5
real_estate,new,白名单,2024-11,1,1
real_estate,new,白名单,2024-12,2,2
real_estate,new,白名单,2025-01,0,0
real_estate,new,白名单,2025-02,1,1
real_estate,new,白名单,2025-03,0,0
real_estate,new,白名单,2025-04,0,0
real_estate,new,白名单,2025-05,0,0
real_estate,new,白名单,2025-06,0,0
real_estate,new,白名单,2025-07,0,0
real_estate,new,白名单,2025-08,0,0
real_estate,new,白名单,2025-09,0,0
real_estate,new,白名单,2025-10,0,0
real_estate,new,白名单,2025-11,0,0
real_estate,new,白名单,2025-12,0,0
